{"Tonmosha":{"name":"Tonmosha","maxPunctuation":23470,"lastPunctuation":23470,"operations":{"x":0,"+":0,"-":2,"/":2},"totalOperations":4,"listenerList":{}},"Ariandel":{"name":"Ariandel","maxPunctuation":390,"lastPunctuation":390,"operations":{"x":1,"+":0,"-":2,"/":0},"totalOperations":5,"listenerList":{}},"Ariamis":{"name":"Ariamis","maxPunctuation":999390,"lastPunctuation":999390,"operations":{"x":0,"+":0,"-":1,"/":4},"totalOperations":6,"listenerList":{}},"Tonemoshe":{"name":"Tonemoshe","maxPunctuation":4470,"lastPunctuation":30,"operations":{"x":3,"+":3,"-":2,"/":1},"totalOperations":11,"listenerList":{}},"Moshe":{"name":"Moshe","maxPunctuation":990,"lastPunctuation":990,"operations":{"x":1,"+":1,"-":2,"/":1},"totalOperations":9,"listenerList":{}}}